,KMeans,Hierarchical
Silhouette Score,0.7812305849505805,0.8107300438200656
Davies-Bouldin Index,0.4779926551667796,0.4338461376222593
Calinski-Harabasz Index,83736.19337595851,58761.957825114136
